best_degree,best_rsme
1,1.4841239376564053
1,1.5291552792766794
