best_degree,best_rsme
1,1.274414977579794
1,1.347765444031661
