best_degree,best_rsme
1,2.4244016681705616
1,1.5208590829055886
